{"stats":{"minecraft:used":{"minecraft:yellow_wool":125,"minecraft:glass":2,"minecraft:light_gray_wool":609,"minecraft:orange_stained_glass":2,"minecraft:lever":25,"minecraft:black_concrete":1,"minecraft:repeater":35,"minecraft:redstone_lamp":158,"minecraft:firework_rocket":295,"minecraft:black_stained_glass":4,"minecraft:written_book":1,"minecraft:light_blue_wool":44,"minecraft:redstone":272,"minecraft:lime_wool":103,"minecraft:stone_button":3,"minecraft:orange_wool":68,"minecraft:white_concrete":2,"minecraft:spruce_sign":6,"minecraft:white_dye":5,"minecraft:glow_ink_sac":5,"minecraft:redstone_torch":142},"minecraft:custom":{"minecraft:time_since_rest":5944855,"minecraft:open_chest":2,"minecraft:crouch_one_cm":2539,"minecraft:play_time":5944855,"minecraft:sprint_one_cm":6120,"minecraft:damage_taken":40,"minecraft:walk_one_cm":26393,"minecraft:sneak_time":306424,"minecraft:aviate_one_cm":17775914,"minecraft:jump":133,"minecraft:leave_game":7,"minecraft:time_since_death":5944855,"minecraft:total_world_time":8502900,"minecraft:fly_one_cm":5609168},"minecraft:picked_up":{"minecraft:stone_button":1,"minecraft:redstone":34}},"DataVersion":3700}