{"stats":{"minecraft:picked_up":{"minecraft:redstone_torch":1},"minecraft:used":{"minecraft:redstone_torch":184,"minecraft:glass":18,"minecraft:grass_block":1},"minecraft:custom":{"minecraft:jump":14,"minecraft:time_since_rest":203612,"minecraft:crouch_one_cm":323,"minecraft:leave_game":3,"minecraft:play_time":203612,"minecraft:time_since_death":203612,"minecraft:walk_one_cm":5934,"minecraft:sneak_time":6182,"minecraft:total_world_time":396762,"minecraft:fly_one_cm":1108105,"minecraft:aviate_one_cm":21073}},"DataVersion":3839}