{"stats":{"minecraft:used":{"minecraft:redstone":15,"minecraft:glass":179,"minecraft:orange_wool":2,"minecraft:repeater":101,"minecraft:redstone_torch":2},"minecraft:custom":{"minecraft:jump":5,"minecraft:time_since_rest":375695,"minecraft:leave_game":1,"minecraft:play_time":375695,"minecraft:time_since_death":375695,"minecraft:walk_one_cm":65,"minecraft:sneak_time":19580,"minecraft:total_world_time":375784,"minecraft:drop":1,"minecraft:fly_one_cm":1069890},"minecraft:dropped":{"minecraft:glass":1}},"DataVersion":3700}