{"stats":{"minecraft:used":{"minecraft:redstone_torch":1063,"minecraft:sticky_piston":36,"minecraft:oak_fence":3,"minecraft:glass":137,"minecraft:writable_book":1,"minecraft:lever":340,"minecraft:blue_terracotta":6,"minecraft:black_wool":21,"minecraft:cyan_terracotta":9,"minecraft:firework_rocket":1081,"minecraft:music_disc_pigstep":1,"minecraft:red_wool":3,"minecraft:grass_block":364,"minecraft:redstone":4590,"minecraft:light_blue_terracotta":3,"minecraft:redstone_block":21,"minecraft:white_dye":4,"minecraft:spruce_sign":6,"minecraft:magenta_stained_glass":17,"minecraft:glow_ink_sac":6,"minecraft:yellow_wool":942,"minecraft:green_terracotta":4,"minecraft:bedrock":3,"minecraft:light_gray_wool":916,"minecraft:orange_stained_glass":1113,"minecraft:repeater":386,"minecraft:end_stone_brick_wall":96,"minecraft:diamond_block":14,"minecraft:dirt":117,"minecraft:redstone_lamp":605,"minecraft:lime_terracotta":12,"minecraft:comparator":66,"minecraft:yellow_terracotta":6,"minecraft:magenta_terracotta":49,"minecraft:oak_slab":5,"minecraft:orange_wool":4686,"minecraft:gold_block":1,"minecraft:smooth_stone_slab":103,"minecraft:purple_terracotta":26,"minecraft:observer":4,"minecraft:jukebox":1},"minecraft:picked_up":{"minecraft:oak_slab":1,"minecraft:repeater":14,"minecraft:music_disc_pigstep":1,"minecraft:redstone":473,"minecraft:lever":115,"minecraft:redstone_torch":272},"minecraft:dropped":{"minecraft:redstone_lamp":1,"minecraft:oak_slab":1,"minecraft:lever":1},"minecraft:custom":{"minecraft:time_since_rest":575439,"minecraft:sprint_one_cm":7855,"minecraft:walk_one_cm":128489,"minecraft:drop":3,"minecraft:play_record":1,"minecraft:fly_one_cm":5511860,"minecraft:crouch_one_cm":2330,"minecraft:play_time":575439,"minecraft:sneak_time":40206,"minecraft:interact_with_lectern":2,"minecraft:aviate_one_cm":3434562,"minecraft:jump":285,"minecraft:leave_game":8,"minecraft:time_since_death":575439,"minecraft:total_world_time":631094}},"DataVersion":3700}