{"stats":{"minecraft:custom":{"minecraft:time_since_rest":6274,"minecraft:sprint_one_cm":4502,"minecraft:walk_one_cm":15193,"minecraft:drop":1,"minecraft:fly_one_cm":5228195,"minecraft:play_time":164778,"minecraft:deaths":3,"minecraft:sneak_time":8050,"minecraft:interact_with_lectern":4,"minecraft:aviate_one_cm":800784,"minecraft:jump":45,"minecraft:leave_game":1,"minecraft:time_since_death":6243,"minecraft:total_world_time":164953},"minecraft:picked_up":{"minecraft:repeater":13,"minecraft:grass_block":1,"minecraft:redstone":145,"minecraft:writable_book":2,"minecraft:spruce_sign":1,"minecraft:lectern":1},"minecraft:dropped":{"minecraft:yellow_stained_glass":1},"minecraft:used":{"minecraft:purple_stained_glass":26,"minecraft:cyan_terracotta":5,"minecraft:writable_book":5,"minecraft:firework_rocket":247,"minecraft:yellow_stained_glass":19,"minecraft:birch_slab":13,"minecraft:smooth_quartz_slab":17,"minecraft:grass_block":1,"minecraft:red_stained_glass":1,"minecraft:redstone":305,"minecraft:smooth_sandstone":20,"minecraft:elytra":1,"minecraft:quartz_block":82,"minecraft:light_blue_terracotta":3,"minecraft:lectern":3,"minecraft:redstone_block":26,"minecraft:spruce_sign":6,"minecraft:magenta_stained_glass":55,"minecraft:stripped_birch_wood":31,"minecraft:quartz_stairs":30,"minecraft:green_terracotta":6,"minecraft:repeater":20,"minecraft:redstone_lamp":4,"minecraft:lime_terracotta":7,"minecraft:yellow_terracotta":10,"minecraft:emerald_block":25,"minecraft:cut_sandstone_slab":41,"minecraft:magenta_terracotta":230,"minecraft:blue_stained_glass":14,"minecraft:lime_stained_glass":38,"minecraft:gold_block":92,"minecraft:purple_terracotta":191,"minecraft:light_blue_stained_glass":8,"minecraft:birch_stairs":65,"minecraft:cyan_stained_glass":13}},"DataVersion":3700}